[
    {
        "title": "Steins;Gate",
        "cover_image": "images/covers/steinsgate.webp",
        "genre": [
            "Action",
            "Sci-Fi"
        ],
        "rating": "17+",
        "score": 9.1,
        "description": "A story about time travel and mad science...",
        "keywords": [
            "mad science",
            "time travel"
        ],
        "mal_url": "https://myanimelist.net/anime/9253/Steins_Gate",
        "discovered": false
    },
    {
        "title": "Naruto",
        "cover_image": "images/covers/naruto.webp",
        "genre": [
            "Action",
            "Adventure"
        ],
        "rating": "13+",
        "score": 8.2,
        "description": "A ninja adventure story.",
        "keywords": [
            "ninja",
            "adventure"
        ],
        "mal_url": "https://myanimelist.net/anime/20/Naruto",
        "discovered": false
    },
    {
        "title": "Your Name",
        "cover_image": "images/covers/yourname.webp",
        "genre": [
            "Romance",
            "Drama"
        ],
        "rating": "13+",
        "score": 9.0,
        "description": "A story about body swapping and fate.",
        "keywords": [
            "body swap",
            "romance"
        ],
        "mal_url": "https://myanimelist.net/anime/32281/Kimi_no_Na_wa",
        "discovered": false
    },
    {
        "title": "Attack on Titan",
        "cover_image": "images/covers/aot.webp",
        "genre": [
            "Action",
            "Fantasy"
        ],
        "rating": "17+",
        "score": 9.1,
        "description": "Humans vs Titans epic battle.",
        "keywords": [
            "titans",
            "action"
        ],
        "mal_url": "https://myanimelist.net/anime/16498/Shingeki_no_Kyojin",
        "discovered": false
    },
    {
        "title": "Death Note",
        "cover_image": "images/covers/deathnote.webp",
        "genre": [
            "Mystery",
            "Thriller"
        ],
        "rating": "17+",
        "score": 9.0,
        "description": "A notebook that kills anyone whose name is written in it.",
        "keywords": [
            "notebook",
            "thriller"
        ],
        "mal_url": "https://myanimelist.net/anime/1535/Death_Note",
        "discovered": false
    }
]